{"mtx": [[634.5391880117294, 0.0, 308.97287253854114], [0.0, 584.2347834005386, 243.95998735885303], [0.0, 0.0, 1.0]], "dist": [[-0.013474292159239166, 0.2253216752820745, -0.012800392782529231, -0.0010977819856391212, -1.5600834067437812]], "params": [634.5391880117294, 584.2347834005386, 308.97287253854114, 243.95998735885303]}