{"mtx": [[689.3472955324112, 0.0, 337.0294223841601], [0.0, 690.878048006294, 220.26366905828377], [0.0, 0.0, 1.0]], "dist": [[0.17127974593924447, -1.0823362273129438, -0.005562799182452495, 0.005168914348221152, 1.8839338880981986]], "params": [689.3472955324112, 690.878048006294, 337.0294223841601, 220.26366905828377]}