{"mtx": [[895.0405734227938, 0.0, 303.06742654851723], [0.0, 906.3995395972403, 212.62235981121023], [0.0, 0.0, 1.0]], "dist": [[0.6039907219081991, -12.848281492534861, 0.006978589040449346, 0.001660323188279476, 88.81022763922638]]}